retrieval_priority_rank,world500_rank,company_id,company_name_en,company_name_zh,gap_class,recommended_action_en,recommended_action_zh,acceptance_criteria_zh,forbidden_match_patterns_zh,confirmed_source_file,confirmed_source_path,confirmed_report_year,reviewer_decision,reviewer_note
356,3,r003_stategrid,STATE GRID,国家电网有限公司,,"Add a parent-company ESG/sustainability/climate report PDF, then update report catalog or match override.",补母公司级 ESG/可持续发展/气候报告 PDF，再更新报告目录或匹配 override。,必须是母公司主报告；需记录源文件名、完整路径、报告年份、报告标题；不得使用子公司/关联主体报告替代。,不得用简称误配、银行/能源常见缩写误配、子公司报告、供应商报告、年度财报中无 ESG/碳披露的文件替代。,,,,,
357,9,r009_berkshirehathaway,BERKSHIRE HATHAWAY,伯克希尔－哈撒韦公司,,"Add a parent-company ESG/sustainability/climate report PDF, then update report catalog or match override.",补母公司级 ESG/可持续发展/气候报告 PDF，再更新报告目录或匹配 override。,必须是母公司主报告；需记录源文件名、完整路径、报告年份、报告标题；不得使用子公司/关联主体报告替代。,不得用简称误配、银行/能源常见缩写误配、子公司报告、供应商报告、年度财报中无 ESG/碳披露的文件替代。,,,,,
358,40,r040_elevancehealth公司,Elevance Health公司,Elevance Health公司,,"Add a parent-company ESG/sustainability/climate report PDF, then update report catalog or match override.",补母公司级 ESG/可持续发展/气候报告 PDF，再更新报告目录或匹配 override。,必须是母公司主报告；需记录源文件名、完整路径、报告年份、报告标题；不得使用子公司/关联主体报告替代。,不得用简称误配、银行/能源常见缩写误配、子公司报告、供应商报告、年度财报中无 ESG/碳披露的文件替代。,,,,,
359,43,r043_chinarailwayconstruction,CHINA RAILWAY CONSTRUCTION,中国铁道建筑集团有限公司,,"Add a parent-company ESG/sustainability/climate report PDF, then update report catalog or match override.",补母公司级 ESG/可持续发展/气候报告 PDF，再更新报告目录或匹配 override。,必须是母公司主报告；需记录源文件名、完整路径、报告年份、报告标题；不得使用子公司/关联主体报告替代。,不得用简称误配、银行/能源常见缩写误配、子公司报告、供应商报告、年度财报中无 ESG/碳披露的文件替代。,,,,,
360,51,r051_kroger,KROGER,克罗格,,"Add a parent-company ESG/sustainability/climate report PDF, then update report catalog or match override.",补母公司级 ESG/可持续发展/气候报告 PDF，再更新报告目录或匹配 override。,必须是母公司主报告；需记录源文件名、完整路径、报告年份、报告标题；不得使用子公司/关联主体报告替代。,不得用简称误配、银行/能源常见缩写误配、子公司报告、供应商报告、年度财报中无 ESG/碳披露的文件替代。,,,,,
361,64,r064_bnpparibas,BNP PARIBAS,法国巴黎银行,,"Add a parent-company ESG/sustainability/climate report PDF, then update report catalog or match override.",补母公司级 ESG/可持续发展/气候报告 PDF，再更新报告目录或匹配 override。,必须是母公司主报告；需记录源文件名、完整路径、报告年份、报告标题；不得使用子公司/关联主体报告替代。,不得用简称误配、银行/能源常见缩写误配、子公司报告、供应商报告、年度财报中无 ESG/碳披露的文件替代。,,,,,
362,75,r075_shandongenergygroup,SHANDONG ENERGY GROUP,山东能源集团有限公司,,"Add a parent-company ESG/sustainability/climate report PDF, then update report catalog or match override.",补母公司级 ESG/可持续发展/气候报告 PDF，再更新报告目录或匹配 override。,必须是母公司主报告；需记录源文件名、完整路径、报告年份、报告标题；不得使用子公司/关联主体报告替代。,不得用简称误配、银行/能源常见缩写误配、子公司报告、供应商报告、年度财报中无 ESG/碳披露的文件替代。,,,,,
363,76,r076_comcast,COMCAST,美国康卡斯特电信公司,,"Add a parent-company ESG/sustainability/climate report PDF, then update report catalog or match override.",补母公司级 ESG/可持续发展/气候报告 PDF，再更新报告目录或匹配 override。,必须是母公司主报告；需记录源文件名、完整路径、报告年份、报告标题；不得使用子公司/关联主体报告替代。,不得用简称误配、银行/能源常见缩写误配、子公司报告、供应商报告、年度财报中无 ESG/碳披露的文件替代。,,,,,
364,80,r080_wellsfargo,WELLS FARGO,美国富国银行,,"Add a parent-company ESG/sustainability/climate report PDF, then update report catalog or match override.",补母公司级 ESG/可持续发展/气候报告 PDF，再更新报告目录或匹配 override。,必须是母公司主报告；需记录源文件名、完整路径、报告年份、报告标题；不得使用子公司/关联主体报告替代。,不得用简称误配、银行/能源常见缩写误配、子公司报告、供应商报告、年度财报中无 ESG/碳披露的文件替代。,,,,,
365,81,r081_hengligroup,HENGLI GROUP,恒力集团有限公司,,"Add a parent-company ESG/sustainability/climate report PDF, then update report catalog or match override.",补母公司级 ESG/可持续发展/气候报告 PDF，再更新报告目录或匹配 override。,必须是母公司主报告；需记录源文件名、完整路径、报告年份、报告标题；不得使用子公司/关联主体报告替代。,不得用简称误配、银行/能源常见缩写误配、子公司报告、供应商报告、年度财报中无 ESG/碳披露的文件替代。,,,,,
366,83,r083_chinapostgroup,CHINA POST GROUP,中国邮政集团有限公司,,"Add a parent-company ESG/sustainability/climate report PDF, then update report catalog or match override.",补母公司级 ESG/可持续发展/气候报告 PDF，再更新报告目录或匹配 override。,必须是母公司主报告；需记录源文件名、完整路径、报告年份、报告标题；不得使用子公司/关联主体报告替代。,不得用简称误配、银行/能源常见缩写误配、子公司报告、供应商报告、年度财报中无 ESG/碳披露的文件替代。,,,,,
367,87,r087_goldmansachsgroup,GOLDMAN SACHS GROUP,高盛集团,,"Add a parent-company ESG/sustainability/climate report PDF, then update report catalog or match override.",补母公司级 ESG/可持续发展/气候报告 PDF，再更新报告目录或匹配 override。,必须是母公司主报告；需记录源文件名、完整路径、报告年份、报告标题；不得使用子公司/关联主体报告替代。,不得用简称误配、银行/能源常见缩写误配、子公司报告、供应商报告、年度财报中无 ESG/碳披露的文件替代。,,,,,
368,88,r088_freddiemac,FREDDIE MAC,房地美,,"Add a parent-company ESG/sustainability/climate report PDF, then update report catalog or match override.",补母公司级 ESG/可持续发展/气候报告 PDF，再更新报告目录或匹配 override。,必须是母公司主报告；需记录源文件名、完整路径、报告年份、报告标题；不得使用子公司/关联主体报告替代。,不得用简称误配、银行/能源常见缩写误配、子公司报告、供应商报告、年度财报中无 ESG/碳披露的文件替代。,,,,,
369,92,r092_humana,HUMANA,哈门那公司,,"Add a parent-company ESG/sustainability/climate report PDF, then update report catalog or match override.",补母公司级 ESG/可持续发展/气候报告 PDF，再更新报告目录或匹配 override。,必须是母公司主报告；需记录源文件名、完整路径、报告年份、报告标题；不得使用子公司/关联主体报告替代。,不得用简称误配、银行/能源常见缩写误配、子公司报告、供应商报告、年度财报中无 ESG/碳披露的文件替代。,,,,,
370,99,r099_petrobras,PETROBRAS,巴西国家石油公司,,"Add a parent-company ESG/sustainability/climate report PDF, then update report catalog or match override.",补母公司级 ESG/可持续发展/气候报告 PDF，再更新报告目录或匹配 override。,必须是母公司主报告；需记录源文件名、完整路径、报告年份、报告标题；不得使用子公司/关联主体报告替代。,不得用简称误配、银行/能源常见缩写误配、子公司报告、供应商报告、年度财报中无 ESG/碳披露的文件替代。,,,,,
371,102,r102_gazprom,GAZPROM,俄罗斯天然气工业股份公司,,"Add a parent-company ESG/sustainability/climate report PDF, then update report catalog or match override.",补母公司级 ESG/可持续发展/气候报告 PDF，再更新报告目录或匹配 override。,必须是母公司主报告；需记录源文件名、完整路径、报告年份、报告标题；不得使用子公司/关联主体报告替代。,不得用简称误配、银行/能源常见缩写误配、子公司报告、供应商报告、年度财报中无 ESG/碳披露的文件替代。,,,,,
372,106,r106_cofco,COFCO,中粮集团有限公司,,"Add a parent-company ESG/sustainability/climate report PDF, then update report catalog or match override.",补母公司级 ESG/可持续发展/气候报告 PDF，再更新报告目录或匹配 override。,必须是母公司主报告；需记录源文件名、完整路径、报告年份、报告标题；不得使用子公司/关联主体报告替代。,不得用简称误配、银行/能源常见缩写误配、子公司报告、供应商报告、年度财报中无 ESG/碳披露的文件替代。,,,,,
373,109,r109_pemex,PEMEX,墨西哥石油公司,,"Add a parent-company ESG/sustainability/climate report PDF, then update report catalog or match override.",补母公司级 ESG/可持续发展/气候报告 PDF，再更新报告目录或匹配 override。,必须是母公司主报告；需记录源文件名、完整路径、报告年份、报告标题；不得使用子公司/关联主体报告替代。,不得用简称误配、银行/能源常见缩写误配、子公司报告、供应商报告、年度财报中无 ESG/碳披露的文件替代。,,,,,
374,118,r118_créditagricole,CRÉDIT AGRICOLE,法国农业信贷银行,,"Add a parent-company ESG/sustainability/climate report PDF, then update report catalog or match override.",补母公司级 ESG/可持续发展/气候报告 PDF，再更新报告目录或匹配 override。,必须是母公司主报告；需记录源文件名、完整路径、报告年份、报告标题；不得使用子公司/关联主体报告替代。,不得用简称误配、银行/能源常见缩写误配、子公司报告、供应商报告、年度财报中无 ESG/碳披露的文件替代。,,,,,
375,138,r138_zhejiangrongshengholdinggroup,ZHEJIANG RONGSHENG HOLDING GROUP,浙江荣盛控股集团有限公司,,"Add a parent-company ESG/sustainability/climate report PDF, then update report catalog or match override.",补母公司级 ESG/可持续发展/气候报告 PDF，再更新报告目录或匹配 override。,必须是母公司主报告；需记录源文件名、完整路径、报告年份、报告标题；不得使用子公司/关联主体报告替代。,不得用简称误配、银行/能源常见缩写误配、子公司报告、供应商报告、年度财报中无 ESG/碳披露的文件替代。,,,,,
376,142,r142_xiamenitgholdinggroup,XIAMEN ITG HOLDING GROUP,厦门国贸控股集团有限公司,,"Add a parent-company ESG/sustainability/climate report PDF, then update report catalog or match override.",补母公司级 ESG/可持续发展/气候报告 PDF，再更新报告目录或匹配 override。,必须是母公司主报告；需记录源文件名、完整路径、报告年份、报告标题；不得使用子公司/关联主体报告替代。,不得用简称误配、银行/能源常见缩写误配、子公司报告、供应商报告、年度财报中无 ESG/碳披露的文件替代。,,,,,
377,147,r147_aviationindustrycorpofchina,AVIATION INDUSTRY CORP. OF CHINA,中国航空工业集团有限公司,,"Add a parent-company ESG/sustainability/climate report PDF, then update report catalog or match override.",补母公司级 ESG/可持续发展/气候报告 PDF，再更新报告目录或匹配 override。,必须是母公司主报告；需记录源文件名、完整路径、报告年份、报告标题；不得使用子公司/关联主体报告替代。,不得用简称误配、银行/能源常见缩写误配、子公司报告、供应商报告、年度财报中无 ESG/碳披露的文件替代。,,,,,
378,155,r155_energytransfer公司,Energy Transfer公司,Energy Transfer公司,,"Add a parent-company ESG/sustainability/climate report PDF, then update report catalog or match override.",补母公司级 ESG/可持续发展/气候报告 PDF，再更新报告目录或匹配 override。,必须是母公司主报告；需记录源文件名、完整路径、报告年份、报告标题；不得使用子公司/关联主体报告替代。,不得用简称误配、银行/能源常见缩写误配、子公司报告、供应商报告、年度财报中无 ESG/碳披露的文件替代。,,,,,
379,160,r160_chinanorthindustriesgroup,CHINA NORTH INDUSTRIES GROUP,中国兵器工业集团有限公司,,"Add a parent-company ESG/sustainability/climate report PDF, then update report catalog or match override.",补母公司级 ESG/可持续发展/气候报告 PDF，再更新报告目录或匹配 override。,必须是母公司主报告；需记录源文件名、完整路径、报告年份、报告标题；不得使用子公司/关联主体报告替代。,不得用简称误配、银行/能源常见缩写误配、子公司报告、供应商报告、年度财报中无 ESG/碳披露的文件替代。,,,,,
380,161,r161_pacificconstructiongroup,PACIFIC CONSTRUCTION GROUP,太平洋建设集团有限公司,,"Add a parent-company ESG/sustainability/climate report PDF, then update report catalog or match override.",补母公司级 ESG/可持续发展/气候报告 PDF，再更新报告目录或匹配 override。,必须是母公司主报告；需记录源文件名、完整路径、报告年份、报告标题；不得使用子公司/关联主体报告替代。,不得用简称误配、银行/能源常见缩写误配、子公司报告、供应商报告、年度财报中无 ESG/碳披露的文件替代。,,,,,
381,167,r167_petronas,PETRONAS,马来西亚国家石油公司,,"Add a parent-company ESG/sustainability/climate report PDF, then update report catalog or match override.",补母公司级 ESG/可持续发展/气候报告 PDF，再更新报告目录或匹配 override。,必须是母公司主报告；需记录源文件名、完整路径、报告年份、报告标题；不得使用子公司/关联主体报告替代。,不得用简称误配、银行/能源常见缩写误配、子公司报告、供应商报告、年度财报中无 ESG/碳披露的文件替代。,,,,,
382,170,r170_shaanxicoalandchemicalindustry,SHAANXI COAL & CHEMICAL INDUSTRY,陕西煤业化工集团有限责任公司,,"Add a parent-company ESG/sustainability/climate report PDF, then update report catalog or match override.",补母公司级 ESG/可持续发展/气候报告 PDF，再更新报告目录或匹配 override。,必须是母公司主报告；需记录源文件名、完整路径、报告年份、报告标题；不得使用子公司/关联主体报告替代。,不得用简称误配、银行/能源常见缩写误配、子公司报告、供应商报告、年度财报中无 ESG/碳披露的文件替代。,,,,,
383,171,r171_shenghongholdinggroup,SHENGHONG HOLDING GROUP,盛虹控股集团有限公司,,"Add a parent-company ESG/sustainability/climate report PDF, then update report catalog or match override.",补母公司级 ESG/可持续发展/气候报告 PDF，再更新报告目录或匹配 override。,必须是母公司主报告；需记录源文件名、完整路径、报告年份、报告标题；不得使用子公司/关联主体报告替代。,不得用简称误配、银行/能源常见缩写误配、子公司报告、供应商报告、年度财报中无 ESG/碳披露的文件替代。,,,,,
384,172,r172_basf,BASF,巴斯夫公司,,"Add a parent-company ESG/sustainability/climate report PDF, then update report catalog or match override.",补母公司级 ESG/可持续发展/气候报告 PDF，再更新报告目录或匹配 override。,必须是母公司主报告；需记录源文件名、完整路径、报告年份、报告标题；不得使用子公司/关联主体报告替代。,不得用简称误配、银行/能源常见缩写误配、子公司报告、供应商报告、年度财报中无 ESG/碳披露的文件替代。,,,,,
385,173,r173_chinapolygroup,CHINA POLY GROUP,中国保利集团有限公司,,"Add a parent-company ESG/sustainability/climate report PDF, then update report catalog or match override.",补母公司级 ESG/可持续发展/气候报告 PDF，再更新报告目录或匹配 override。,必须是母公司主报告；需记录源文件名、完整路径、报告年份、报告标题；不得使用子公司/关联主体报告替代。,不得用简称误配、银行/能源常见缩写误配、子公司报告、供应商报告、年度财报中无 ESG/碳披露的文件替代。,,,,,
386,175,r175_shandongweiqiaopioneeringgroup,SHANDONG WEIQIAO PIONEERING GROUP,山东魏桥创业集团有限公司,,"Add a parent-company ESG/sustainability/climate report PDF, then update report catalog or match override.",补母公司级 ESG/可持续发展/气候报告 PDF，再更新报告目录或匹配 override。,必须是母公司主报告；需记录源文件名、完整路径、报告年份、报告标题；不得使用子公司/关联主体报告替代。,不得用简称误配、银行/能源常见缩写误配、子公司报告、供应商报告、年度财报中无 ESG/碳披露的文件替代。,,,,,
387,180,r180_oilandnaturalgas,OIL & NATURAL GAS,印度石油天然气公司,,"Add a parent-company ESG/sustainability/climate report PDF, then update report catalog or match override.",补母公司级 ESG/可持续发展/气候报告 PDF，再更新报告目录或匹配 override。,必须是母公司主报告；需记录源文件名、完整路径、报告年份、报告标题；不得使用子公司/关联主体报告替代。,不得用简称误配、银行/能源常见缩写误配、子公司报告、供应商报告、年度财报中无 ESG/碳披露的文件替代。,,,,,
388,187,r187_xmxyg,XMXYG,厦门象屿集团有限公司,,"Add a parent-company ESG/sustainability/climate report PDF, then update report catalog or match override.",补母公司级 ESG/可持续发展/气候报告 PDF，再更新报告目录或匹配 override。,必须是母公司主报告；需记录源文件名、完整路径、报告年份、报告标题；不得使用子公司/关联主体报告替代。,不得用简称误配、银行/能源常见缩写误配、子公司报告、供应商报告、年度财报中无 ESG/碳披露的文件替代。,,,,,
389,188,r188_rtx,RTX,雷神技术公司,,"Add a parent-company ESG/sustainability/climate report PDF, then update report catalog or match override.",补母公司级 ESG/可持续发展/气候报告 PDF，再更新报告目录或匹配 override。,必须是母公司主报告；需记录源文件名、完整路径、报告年份、报告标题；不得使用子公司/关联主体报告替代。,不得用简称误配、银行/能源常见缩写误配、子公司报告、供应商报告、年度财报中无 ESG/碳披露的文件替代。,,,,,
390,194,r194_koc集团,KOC集团,KOC集团,,"Add a parent-company ESG/sustainability/climate report PDF, then update report catalog or match override.",补母公司级 ESG/可持续发展/气候报告 PDF，再更新报告目录或匹配 override。,必须是母公司主报告；需记录源文件名、完整路径、报告年份、报告标题；不得使用子公司/关联主体报告替代。,不得用简称误配、银行/能源常见缩写误配、子公司报告、供应商报告、年度财报中无 ESG/碳披露的文件替代。,,,,,
391,210,r210_unilever,UNILEVER,联合利华,,"Add a parent-company ESG/sustainability/climate report PDF, then update report catalog or match override.",补母公司级 ESG/可持续发展/气候报告 PDF，再更新报告目录或匹配 override。,必须是母公司主报告；需记录源文件名、完整路径、报告年份、报告标题；不得使用子公司/关联主体报告替代。,不得用简称误配、银行/能源常见缩写误配、子公司报告、供应商报告、年度财报中无 ESG/碳披露的文件替代。,,,,,
392,213,r213_jinnengholdinggroup,JINNENG HOLDING GROUP,晋能控股集团有限公司,,"Add a parent-company ESG/sustainability/climate report PDF, then update report catalog or match override.",补母公司级 ESG/可持续发展/气候报告 PDF，再更新报告目录或匹配 override。,必须是母公司主报告；需记录源文件名、完整路径、报告年份、报告标题；不得使用子公司/关联主体报告替代。,不得用简称误配、银行/能源常见缩写误配、子公司报告、供应商报告、年度财报中无 ESG/碳披露的文件替代。,,,,,
393,216,r216_sberbank,SBERBANK,俄罗斯联邦储蓄银行,,"Add a parent-company ESG/sustainability/climate report PDF, then update report catalog or match override.",补母公司级 ESG/可持续发展/气候报告 PDF，再更新报告目录或匹配 override。,必须是母公司主报告；需记录源文件名、完整路径、报告年份、报告标题；不得使用子公司/关联主体报告替代。,不得用简称误配、银行/能源常见缩写误配、子公司报告、供应商报告、年度财报中无 ESG/碳披露的文件替代。,,,,,
394,218,r218_progressive,PROGRESSIVE,前进保险公司,,"Add a parent-company ESG/sustainability/climate report PDF, then update report catalog or match override.",补母公司级 ESG/可持续发展/气候报告 PDF，再更新报告目录或匹配 override。,必须是母公司主报告；需记录源文件名、完整路径、报告年份、报告标题；不得使用子公司/关联主体报告替代。,不得用简称误配、银行/能源常见缩写误配、子公司报告、供应商报告、年度财报中无 ESG/碳披露的文件替代。,,,,,
355,219,r219_internationalbusinessmachines,INTERNATIONAL BUSINESS MACHINES,国际商业机器公司,,"Add a parent-company ESG/sustainability/climate report PDF, then update report catalog or match override.",补母公司级 ESG/可持续发展/气候报告 PDF，再更新报告目录或匹配 override。,必须是母公司主报告；需记录源文件名、完整路径、报告年份、报告标题；不得使用子公司/关联主体报告替代。,不得用简称误配、银行/能源常见缩写误配、子公司报告、供应商报告、年度财报中无 ESG/碳披露的文件替代。,,,,,
395,229,r229_merck,MERCK,默沙东,,"Add a parent-company ESG/sustainability/climate report PDF, then update report catalog or match override.",补母公司级 ESG/可持续发展/气候报告 PDF，再更新报告目录或匹配 override。,必须是母公司主报告；需记录源文件名、完整路径、报告年份、报告标题；不得使用子公司/关联主体报告替代。,不得用简称误配、银行/能源常见缩写误配、子公司报告、供应商报告、年度财报中无 ESG/碳披露的文件替代。,,,,,
396,232,r232_industrialbank,INDUSTRIAL BANK,兴业银行股份有限公司,,"Add a parent-company ESG/sustainability/climate report PDF, then update report catalog or match override.",补母公司级 ESG/可持续发展/气候报告 PDF，再更新报告目录或匹配 override。,必须是母公司主报告；需记录源文件名、完整路径、报告年份、报告标题；不得使用子公司/关联主体报告替代。,不得用简称误配、银行/能源常见缩写误配、子公司报告、供应商报告、年度财报中无 ESG/碳披露的文件替代。,,,,,
397,233,r233_poscoholdings,POSCO HOLDINGS,浦项制铁控股公司,,"Add a parent-company ESG/sustainability/climate report PDF, then update report catalog or match override.",补母公司级 ESG/可持续发展/气候报告 PDF，再更新报告目录或匹配 override。,必须是母公司主报告；需记录源文件名、完整路径、报告年份、报告标题；不得使用子公司/关联主体报告替代。,不得用简称误配、银行/能源常见缩写误配、子公司报告、供应商报告、年度财报中无 ESG/碳披露的文件替代。,,,,,
398,238,r238_chinahuanenggroup,CHINA HUANENG GROUP,中国华能集团有限公司,,"Add a parent-company ESG/sustainability/climate report PDF, then update report catalog or match override.",补母公司级 ESG/可持续发展/气候报告 PDF，再更新报告目录或匹配 override。,必须是母公司主报告；需记录源文件名、完整路径、报告年份、报告标题；不得使用子公司/关联主体报告替代。,不得用简称误配、银行/能源常见缩写误配、子公司报告、供应商报告、年度财报中无 ESG/碳披露的文件替代。,,,,,
399,239,r239_chinaenergyengineeringgroup,CHINA ENERGY ENGINEERING GROUP,中国能源建设集团有限公司,,"Add a parent-company ESG/sustainability/climate report PDF, then update report catalog or match override.",补母公司级 ESG/可持续发展/气候报告 PDF，再更新报告目录或匹配 override。,必须是母公司主报告；需记录源文件名、完整路径、报告年份、报告标题；不得使用子公司/关联主体报告替代。,不得用简称误配、银行/能源常见缩写误配、子公司报告、供应商报告、年度财报中无 ESG/碳披露的文件替代。,,,,,
400,240,r240_dongfengmotor,DONGFENG MOTOR,东风汽车集团有限公司,,"Add a parent-company ESG/sustainability/climate report PDF, then update report catalog or match override.",补母公司级 ESG/可持续发展/气候报告 PDF，再更新报告目录或匹配 override。,必须是母公司主报告；需记录源文件名、完整路径、报告年份、报告标题；不得使用子公司/关联主体报告替代。,不得用简称误配、银行/能源常见缩写误配、子公司报告、供应商报告、年度财报中无 ESG/碳披露的文件替代。,,,,,
401,242,r242_publixsupermarkets,PUBLIX SUPER MARKETS,大众超级市场公司,,"Add a parent-company ESG/sustainability/climate report PDF, then update report catalog or match override.",补母公司级 ESG/可持续发展/气候报告 PDF，再更新报告目录或匹配 override。,必须是母公司主报告；需记录源文件名、完整路径、报告年份、报告标题；不得使用子公司/关联主体报告替代。,不得用简称误配、银行/能源常见缩写误配、子公司报告、供应商报告、年度财报中无 ESG/碳披露的文件替代。,,,,,
402,243,r243_zhejianghengyigroup,ZHEJIANG HENGYI GROUP,浙江恒逸集团有限公司,,"Add a parent-company ESG/sustainability/climate report PDF, then update report catalog or match override.",补母公司级 ESG/可持续发展/气候报告 PDF，再更新报告目录或匹配 override。,必须是母公司主报告；需记录源文件名、完整路径、报告年份、报告标题；不得使用子公司/关联主体报告替代。,不得用简称误配、银行/能源常见缩写误配、子公司报告、供应商报告、年度财报中无 ESG/碳披露的文件替代。,,,,,
403,245,r245_assicurazionigenerali,ASSICURAZIONI GENERALI,意大利忠利保险公司,,"Add a parent-company ESG/sustainability/climate report PDF, then update report catalog or match override.",补母公司级 ESG/可持续发展/气候报告 PDF，再更新报告目录或匹配 override。,必须是母公司主报告；需记录源文件名、完整路径、报告年份、报告标题；不得使用子公司/关联主体报告替代。,不得用简称误配、银行/能源常见缩写误配、子公司报告、供应商报告、年度财报中无 ESG/碳披露的文件替代。,,,,,
404,249,r249_hbisgroup,HBIS GROUP,河钢集团有限公司,,"Add a parent-company ESG/sustainability/climate report PDF, then update report catalog or match override.",补母公司级 ESG/可持续发展/气候报告 PDF，再更新报告目录或匹配 override。,必须是母公司主报告；需记录源文件名、完整路径、报告年份、报告标题；不得使用子公司/关联主体报告替代。,不得用简称误配、银行/能源常见缩写误配、子公司报告、供应商报告、年度财报中无 ESG/碳披露的文件替代。,,,,,
405,253,r253_chinaelectronicstechnologygroup,CHINA ELECTRONICS TECHNOLOGY GROUP,中国电子科技集团有限公司,,"Add a parent-company ESG/sustainability/climate report PDF, then update report catalog or match override.",补母公司级 ESG/可持续发展/气候报告 PDF，再更新报告目录或匹配 override。,必须是母公司主报告；需记录源文件名、完整路径、报告年份、报告标题；不得使用子公司/关联主体报告替代。,不得用简称误配、银行/能源常见缩写误配、子公司报告、供应商报告、年度财报中无 ESG/碳披露的文件替代。,,,,,
406,254,r254_nationwide,NATIONWIDE,美国全国保险公司,,"Add a parent-company ESG/sustainability/climate report PDF, then update report catalog or match override.",补母公司级 ESG/可持续发展/气候报告 PDF，再更新报告目录或匹配 override。,必须是母公司主报告；需记录源文件名、完整路径、报告年份、报告标题；不得使用子公司/关联主体报告替代。,不得用简称误配、银行/能源常见缩写误配、子公司报告、供应商报告、年度财报中无 ESG/碳披露的文件替代。,,,,,
407,256,r256_statepowerinvestment,STATE POWER INVESTMENT,国家电力投资集团有限公司,,"Add a parent-company ESG/sustainability/climate report PDF, then update report catalog or match override.",补母公司级 ESG/可持续发展/气候报告 PDF，再更新报告目录或匹配 override。,必须是母公司主报告；需记录源文件名、完整路径、报告年份、报告标题；不得使用子公司/关联主体报告替代。,不得用简称误配、银行/能源常见缩写误配、子公司报告、供应商报告、年度财报中无 ESG/碳披露的文件替代。,,,,,
408,265,r265_tsingshanholdinggroup,TSINGSHAN HOLDING GROUP,青山控股集团有限公司,,"Add a parent-company ESG/sustainability/climate report PDF, then update report catalog or match override.",补母公司级 ESG/可持续发展/气候报告 PDF，再更新报告目录或匹配 override。,必须是母公司主报告；需记录源文件名、完整路径、报告年份、报告标题；不得使用子公司/关联主体报告替代。,不得用简称误配、银行/能源常见缩写误配、子公司报告、供应商报告、年度财报中无 ESG/碳披露的文件替代。,,,,,
409,267,r267_coscoshipping,COSCO SHIPPING,中国远洋海运集团有限公司,,"Add a parent-company ESG/sustainability/climate report PDF, then update report catalog or match override.",补母公司级 ESG/可持续发展/气候报告 PDF，再更新报告目录或匹配 override。,必须是母公司主报告；需记录源文件名、完整路径、报告年份、报告标题；不得使用子公司/关联主体报告替代。,不得用简称误配、银行/能源常见缩写误配、子公司报告、供应商报告、年度财报中无 ESG/碳披露的文件替代。,,,,,
410,274,r274_deutschebahn,DEUTSCHE BAHN,德国联邦铁路公司,,"Add a parent-company ESG/sustainability/climate report PDF, then update report catalog or match override.",补母公司级 ESG/可持续发展/气候报告 PDF，再更新报告目录或匹配 override。,必须是母公司主报告；需记录源文件名、完整路径、报告年份、报告标题；不得使用子公司/关联主体报告替代。,不得用简称误配、银行/能源常见缩写误配、子公司报告、供应商报告、年度财报中无 ESG/碳披露的文件替代。,,,,,
411,276,r276_tysonfoods,TYSON FOODS,泰森食品,,"Add a parent-company ESG/sustainability/climate report PDF, then update report catalog or match override.",补母公司级 ESG/可持续发展/气候报告 PDF，再更新报告目录或匹配 override。,必须是母公司主报告；需记录源文件名、完整路径、报告年份、报告标题；不得使用子公司/关联主体报告替代。,不得用简称误配、银行/能源常见缩写误配、子公司报告、供应商报告、年度财报中无 ESG/碳披露的文件替代。,,,,,
412,277,r277_mideagroup,MIDEA GROUP,美的集团股份有限公司,,"Add a parent-company ESG/sustainability/climate report PDF, then update report catalog or match override.",补母公司级 ESG/可持续发展/气候报告 PDF，再更新报告目录或匹配 override。,必须是母公司主报告；需记录源文件名、完整路径、报告年份、报告标题；不得使用子公司/关联主体报告替代。,不得用简称误配、银行/能源常见缩写误配、子公司报告、供应商报告、年度财报中无 ESG/碳披露的文件替代。,,,,,
413,279,r279_chinaunitednetworkcommunications,CHINA UNITED NETWORK COMMUNICATIONS,中国联合网络通信股份有限公司,,"Add a parent-company ESG/sustainability/climate report PDF, then update report catalog or match override.",补母公司级 ESG/可持续发展/气候报告 PDF，再更新报告目录或匹配 override。,必须是母公司主报告；需记录源文件名、完整路径、报告年份、报告标题；不得使用子公司/关联主体报告替代。,不得用简称误配、银行/能源常见缩写误配、子公司报告、供应商报告、年度财报中无 ESG/碳披露的文件替代。,,,,,
414,280,r280_libertymutualinsurancegroup,LIBERTY MUTUAL INSURANCE GROUP,美国利宝互助保险集团,,"Add a parent-company ESG/sustainability/climate report PDF, then update report catalog or match override.",补母公司级 ESG/可持续发展/气候报告 PDF，再更新报告目录或匹配 override。,必须是母公司主报告；需记录源文件名、完整路径、报告年份、报告标题；不得使用子公司/关联主体报告替代。,不得用简称误配、银行/能源常见缩写误配、子公司报告、供应商报告、年度财报中无 ESG/碳披露的文件替代。,,,,,
415,281,r281_bankofnovascotia,BANK OF NOVA SCOTIA,加拿大丰业银行,,"Add a parent-company ESG/sustainability/climate report PDF, then update report catalog or match override.",补母公司级 ESG/可持续发展/气候报告 PDF，再更新报告目录或匹配 override。,必须是母公司主报告；需记录源文件名、完整路径、报告年份、报告标题；不得使用子公司/关联主体报告替代。,不得用简称误配、银行/能源常见缩写误配、子公司报告、供应商报告、年度财报中无 ESG/碳披露的文件替代。,,,,,
416,284,r284_saintgobain,SAINT-GOBAIN,圣戈班集团,,"Add a parent-company ESG/sustainability/climate report PDF, then update report catalog or match override.",补母公司级 ESG/可持续发展/气候报告 PDF，再更新报告目录或匹配 override。,必须是母公司主报告；需记录源文件名、完整路径、报告年份、报告标题；不得使用子公司/关联主体报告替代。,不得用简称误配、银行/能源常见缩写误配、子公司报告、供应商报告、年度财报中无 ESG/碳披露的文件替代。,,,,,
417,285,r285_shaanxiyanchangpetroleumgroup,SHAANXI YANCHANG PETROLEUM (GROUP),陕西延长石油（集团）有限责任公司,,"Add a parent-company ESG/sustainability/climate report PDF, then update report catalog or match override.",补母公司级 ESG/可持续发展/气候报告 PDF，再更新报告目录或匹配 override。,必须是母公司主报告；需记录源文件名、完整路径、报告年份、报告标题；不得使用子公司/关联主体报告替代。,不得用简称误配、银行/能源常见缩写误配、子公司报告、供应商报告、年度财报中无 ESG/碳披露的文件替代。,,,,,
418,288,r288_nike,NIKE,耐克公司,,"Add a parent-company ESG/sustainability/climate report PDF, then update report catalog or match override.",补母公司级 ESG/可持续发展/气候报告 PDF，再更新报告目录或匹配 override。,必须是母公司主报告；需记录源文件名、完整路径、报告年份、报告标题；不得使用子公司/关联主体报告替代。,不得用简称误配、银行/能源常见缩写误配、子公司报告、供应商报告、年度财报中无 ESG/碳披露的文件替代。,,,,,
419,291,r291_greenlandholdinggroup,GREENLAND HOLDING GROUP,绿地控股集团股份有限公司,,"Add a parent-company ESG/sustainability/climate report PDF, then update report catalog or match override.",补母公司级 ESG/可持续发展/气候报告 PDF，再更新报告目录或匹配 override。,必须是母公司主报告；需记录源文件名、完整路径、报告年份、报告标题；不得使用子公司/关联主体报告替代。,不得用简称误配、银行/能源常见缩写误配、子公司报告、供应商报告、年度财报中无 ESG/碳披露的文件替代。,,,,,
352,292,r292_shanghaipudongdevelopmentbank,SHANGHAI PUDONG DEVELOPMENT BANK,上海浦东发展银行股份有限公司,,"Add a parent-company ESG/sustainability/climate report PDF, then update report catalog or match override.",补母公司级 ESG/可持续发展/气候报告 PDF，再更新报告目录或匹配 override。,必须是母公司主报告；需记录源文件名、完整路径、报告年份、报告标题；不得使用子公司/关联主体报告替代。,不得用简称误配、银行/能源常见缩写误配、子公司报告、供应商报告、年度财报中无 ESG/碳披露的文件替代。,,,,,
420,293,r293_louisdreyfus,LOUIS DREYFUS,路易达孚集团,,"Add a parent-company ESG/sustainability/climate report PDF, then update report catalog or match override.",补母公司级 ESG/可持续发展/气候报告 PDF，再更新报告目录或匹配 override。,必须是母公司主报告；需记录源文件名、完整路径、报告年份、报告标题；不得使用子公司/关联主体报告替代。,不得用简称误配、银行/能源常见缩写误配、子公司报告、供应商报告、年度财报中无 ESG/碳披露的文件替代。,,,,,
421,296,r296_kb金融集团,KB金融集团,KB金融集团,,"Add a parent-company ESG/sustainability/climate report PDF, then update report catalog or match override.",补母公司级 ESG/可持续发展/气候报告 PDF，再更新报告目录或匹配 override。,必须是母公司主报告；需记录源文件名、完整路径、报告年份、报告标题；不得使用子公司/关联主体报告替代。,不得用简称误配、银行/能源常见缩写误配、子公司报告、供应商报告、年度财报中无 ESG/碳披露的文件替代。,,,,,
422,299,r299_oracle,ORACLE,甲骨文公司,,"Add a parent-company ESG/sustainability/climate report PDF, then update report catalog or match override.",补母公司级 ESG/可持续发展/气候报告 PDF，再更新报告目录或匹配 override。,必须是母公司主报告；需记录源文件名、完整路径、报告年份、报告标题；不得使用子公司/关联主体报告替代。,不得用简称误配、银行/能源常见缩写误配、子公司报告、供应商报告、年度财报中无 ESG/碳披露的文件替代。,,,,,
423,300,r300_jinchuangroup,JINCHUAN GROUP,金川集团股份有限公司,,"Add a parent-company ESG/sustainability/climate report PDF, then update report catalog or match override.",补母公司级 ESG/可持续发展/气候报告 PDF，再更新报告目录或匹配 override。,必须是母公司主报告；需记录源文件名、完整路径、报告年份、报告标题；不得使用子公司/关联主体报告替代。,不得用简称误配、银行/能源常见缩写误配、子公司报告、供应商报告、年度财报中无 ESG/碳披露的文件替代。,,,,,
424,303,r303_enterpriseproductspartners公司,Enterprise Products Partners公司,Enterprise Products Partners公司,,"Add a parent-company ESG/sustainability/climate report PDF, then update report catalog or match override.",补母公司级 ESG/可持续发展/气候报告 PDF，再更新报告目录或匹配 override。,必须是母公司主报告；需记录源文件名、完整路径、报告年份、报告标题；不得使用子公司/关联主体报告替代。,不得用简称误配、银行/能源常见缩写误配、子公司报告、供应商报告、年度财报中无 ESG/碳披露的文件替代。,,,,,
353,304,r304_capitalonefinancial,CAPITAL ONE FINANCIAL,第一资本金融公司,,"Add a parent-company ESG/sustainability/climate report PDF, then update report catalog or match override.",补母公司级 ESG/可持续发展/气候报告 PDF，再更新报告目录或匹配 override。,必须是母公司主报告；需记录源文件名、完整路径、报告年份、报告标题；不得使用子公司/关联主体报告替代。,不得用简称误配、银行/能源常见缩写误配、子公司报告、供应商报告、年度财报中无 ESG/碳披露的文件替代。,,,,,
425,306,r306_hdfc银行,HDFC银行,HDFC银行,,"Add a parent-company ESG/sustainability/climate report PDF, then update report catalog or match override.",补母公司级 ESG/可持续发展/气候报告 PDF，再更新报告目录或匹配 override。,必须是母公司主报告；需记录源文件名、完整路径、报告年份、报告标题；不得使用子公司/关联主体报告替代。,不得用简称误配、银行/能源常见缩写误配、子公司报告、供应商报告、年度财报中无 ESG/碳披露的文件替代。,,,,,
426,307,r307_chinanationalbuildingmaterialgroup,CHINA NATIONAL BUILDING MATERIAL GROUP,中国建材集团有限公司,,"Add a parent-company ESG/sustainability/climate report PDF, then update report catalog or match override.",补母公司级 ESG/可持续发展/气候报告 PDF，再更新报告目录或匹配 override。,必须是母公司主报告；需记录源文件名、完整路径、报告年份、报告标题；不得使用子公司/关联主体报告替代。,不得用简称误配、银行/能源常见缩写误配、子公司报告、供应商报告、年度财报中无 ESG/碳披露的文件替代。,,,,,
427,309,r309_chinastateshipbuilding,CHINA STATE SHIPBUILDING,中国船舶集团有限公司,,"Add a parent-company ESG/sustainability/climate report PDF, then update report catalog or match override.",补母公司级 ESG/可持续发展/气候报告 PDF，再更新报告目录或匹配 override。,必须是母公司主报告；需记录源文件名、完整路径、报告年份、报告标题；不得使用子公司/关联主体报告替代。,不得用简称误配、银行/能源常见缩写误配、子公司报告、供应商报告、年度财报中无 ESG/碳披露的文件替代。,,,,,
428,312,r312_landesbankbadenwürttemberg,LANDESBANK BADEN-WÜRTTEMBERG,德国巴登-符腾堡州银行,,"Add a parent-company ESG/sustainability/climate report PDF, then update report catalog or match override.",补母公司级 ESG/可持续发展/气候报告 PDF，再更新报告目录或匹配 override。,必须是母公司主报告；需记录源文件名、完整路径、报告年份、报告标题；不得使用子公司/关联主体报告替代。,不得用简称误配、银行/能源常见缩写误配、子公司报告、供应商报告、年度财报中无 ESG/碳披露的文件替代。,,,,,
429,314,r314_jingyegroup,JINGYE GROUP,敬业集团有限公司,,"Add a parent-company ESG/sustainability/climate report PDF, then update report catalog or match override.",补母公司级 ESG/可持续发展/气候报告 PDF，再更新报告目录或匹配 override。,必须是母公司主报告；需记录源文件名、完整路径、报告年份、报告标题；不得使用子公司/关联主体报告替代。,不得用简称误配、银行/能源常见缩写误配、子公司报告、供应商报告、年度财报中无 ESG/碳披露的文件替代。,,,,,
354,316,r316_energiebadenwürttemberg,ENERGIE BADEN-WÜRTTEMBERG,巴登-符腾堡州能源公司,,"Add a parent-company ESG/sustainability/climate report PDF, then update report catalog or match override.",补母公司级 ESG/可持续发展/气候报告 PDF，再更新报告目录或匹配 override。,必须是母公司主报告；需记录源文件名、完整路径、报告年份、报告标题；不得使用子公司/关联主体报告替代。,不得用简称误配、银行/能源常见缩写误配、子公司报告、供应商报告、年度财报中无 ESG/碳披露的文件替代。,,,,,
430,321,r321_hd现代公司,HD现代公司,HD现代公司,,"Add a parent-company ESG/sustainability/climate report PDF, then update report catalog or match override.",补母公司级 ESG/可持续发展/气候报告 PDF，再更新报告目录或匹配 override。,必须是母公司主报告；需记录源文件名、完整路径、报告年份、报告标题；不得使用子公司/关联主体报告替代。,不得用简称误配、银行/能源常见缩写误配、子公司报告、供应商报告、年度财报中无 ESG/碳披露的文件替代。,,,,,
431,325,r325_softbankgroup,SOFTBANK GROUP,软银集团,,"Add a parent-company ESG/sustainability/climate report PDF, then update report catalog or match override.",补母公司级 ESG/可持续发展/气候报告 PDF，再更新报告目录或匹配 override。,必须是母公司主报告；需记录源文件名、完整路径、报告年份、报告标题；不得使用子公司/关联主体报告替代。,不得用简称误配、银行/能源常见缩写误配、子公司报告、供应商报告、年度财报中无 ESG/碳披露的文件替代。,,,,,
432,328,r328_américamóvil,AMÉRICA MÓVIL,美洲电信,,"Add a parent-company ESG/sustainability/climate report PDF, then update report catalog or match override.",补母公司级 ESG/可持续发展/气候报告 PDF，再更新报告目录或匹配 override。,必须是母公司主报告；需记录源文件名、完整路径、报告年份、报告标题；不得使用子公司/关联主体报告替代。,不得用简称误配、银行/能源常见缩写误配、子公司报告、供应商报告、年度财报中无 ESG/碳披露的文件替代。,,,,,
433,330,r330_zhejiangcommunicationsinvestmentgroup,ZHEJIANG COMMUNICATIONS INVESTMENT GROUP,浙江省交通投资集团有限公司,,"Add a parent-company ESG/sustainability/climate report PDF, then update report catalog or match override.",补母公司级 ESG/可持续发展/气候报告 PDF，再更新报告目录或匹配 override。,必须是母公司主报告；需记录源文件名、完整路径、报告年份、报告标题；不得使用子公司/关联主体报告替代。,不得用简称误配、银行/能源常见缩写误配、子公司报告、供应商报告、年度财报中无 ESG/碳披露的文件替代。,,,,,
434,331,r331_chinapacificinsurancegroup,CHINA PACIFIC INSURANCE (GROUP),中国太平洋保险(集团)股份有限公司,,"Add a parent-company ESG/sustainability/climate report PDF, then update report catalog or match override.",补母公司级 ESG/可持续发展/气候报告 PDF，再更新报告目录或匹配 override。,必须是母公司主报告；需记录源文件名、完整路径、报告年份、报告标题；不得使用子公司/关联主体报告替代。,不得用简称误配、银行/能源常见缩写误配、子公司报告、供应商报告、年度财报中无 ESG/碳披露的文件替代。,,,,,
435,332,r332_cocacola,COCA-COLA,可口可乐公司,,"Add a parent-company ESG/sustainability/climate report PDF, then update report catalog or match override.",补母公司级 ESG/可持续发展/气候报告 PDF，再更新报告目录或匹配 override。,必须是母公司主报告；需记录源文件名、完整路径、报告年份、报告标题；不得使用子公司/关联主体报告替代。,不得用简称误配、银行/能源常见缩写误配、子公司报告、供应商报告、年度财报中无 ESG/碳披露的文件替代。,,,,,
436,336,r336_chinahuadian,CHINA HUADIAN,中国华电集团有限公司,,"Add a parent-company ESG/sustainability/climate report PDF, then update report catalog or match override.",补母公司级 ESG/可持续发展/气候报告 PDF，再更新报告目录或匹配 override。,必须是母公司主报告；需记录源文件名、完整路径、报告年份、报告标题；不得使用子公司/关联主体报告替代。,不得用简称误配、银行/能源常见缩写误配、子公司报告、供应商报告、年度财报中无 ESG/碳披露的文件替代。,,,,,
437,337,r337_créditmutuelgroup,CRÉDIT MUTUEL GROUP,法国国民互助信贷银行集团,,"Add a parent-company ESG/sustainability/climate report PDF, then update report catalog or match override.",补母公司级 ESG/可持续发展/气候报告 PDF，再更新报告目录或匹配 override。,必须是母公司主报告；需记录源文件名、完整路径、报告年份、报告标题；不得使用子公司/关联主体报告替代。,不得用简称误配、银行/能源常见缩写误配、子公司报告、供应商报告、年度财报中无 ESG/碳披露的文件替代。,,,,,
438,338,r338_msandad保险集团控股有限公司,MS&AD保险集团控股有限公司,MS&AD保险集团控股有限公司,,"Add a parent-company ESG/sustainability/climate report PDF, then update report catalog or match override.",补母公司级 ESG/可持续发展/气候报告 PDF，再更新报告目录或匹配 override。,必须是母公司主报告；需记录源文件名、完整路径、报告年份、报告标题；不得使用子公司/关联主体报告替代。,不得用简称误配、银行/能源常见缩写误配、子公司报告、供应商报告、年度财报中无 ESG/碳披露的文件替代。,,,,,
439,340,r340_susunconstructiongroup,SUSUN CONSTRUCTION GROUP,苏商建设集团有限公司,,"Add a parent-company ESG/sustainability/climate report PDF, then update report catalog or match override.",补母公司级 ESG/可持续发展/气候报告 PDF，再更新报告目录或匹配 override。,必须是母公司主报告；需记录源文件名、完整路径、报告年份、报告标题；不得使用子公司/关联主体报告替代。,不得用简称误配、银行/能源常见缩写误配、子公司报告、供应商报告、年度财报中无 ESG/碳披露的文件替代。,,,,,
440,341,r341_sncfgroup,SNCF GROUP,法国国营铁路集团,,"Add a parent-company ESG/sustainability/climate report PDF, then update report catalog or match override.",补母公司级 ESG/可持续发展/气候报告 PDF，再更新报告目录或匹配 override。,必须是母公司主报告；需记录源文件名、完整路径、报告年份、报告标题；不得使用子公司/关联主体报告替代。,不得用简称误配、银行/能源常见缩写误配、子公司报告、供应商报告、年度财报中无 ESG/碳披露的文件替代。,,,,,
441,343,r343_chinasouthindustriesgroup,CHINA SOUTH INDUSTRIES GROUP,中国兵器装备集团公司,,"Add a parent-company ESG/sustainability/climate report PDF, then update report catalog or match override.",补母公司级 ESG/可持续发展/气候报告 PDF，再更新报告目录或匹配 override。,必须是母公司主报告；需记录源文件名、完整路径、报告年份、报告标题；不得使用子公司/关联主体报告替代。,不得用简称误配、银行/能源常见缩写误配、子公司报告、供应商报告、年度财报中无 ESG/碳披露的文件替代。,,,,,
442,347,r347_georgeweston,GEORGE WESTON,乔治威斯顿公司,,"Add a parent-company ESG/sustainability/climate report PDF, then update report catalog or match override.",补母公司级 ESG/可持续发展/气候报告 PDF，再更新报告目录或匹配 override。,必须是母公司主报告；需记录源文件名、完整路径、报告年份、报告标题；不得使用子公司/关联主体报告替代。,不得用简称误配、银行/能源常见缩写误配、子公司报告、供应商报告、年度财报中无 ESG/碳披露的文件替代。,,,,,
443,351,r351_chinaminshengbanking,CHINA MINSHENG BANKING,中国民生银行股份有限公司,,"Add a parent-company ESG/sustainability/climate report PDF, then update report catalog or match override.",补母公司级 ESG/可持续发展/气候报告 PDF，再更新报告目录或匹配 override。,必须是母公司主报告；需记录源文件名、完整路径、报告年份、报告标题；不得使用子公司/关联主体报告替代。,不得用简称误配、银行/能源常见缩写误配、子公司报告、供应商报告、年度财报中无 ESG/碳披露的文件替代。,,,,,
444,354,r354_shanghaiconstructiongroup,SHANGHAI CONSTRUCTION GROUP,上海建工集团股份有限公司,,"Add a parent-company ESG/sustainability/climate report PDF, then update report catalog or match override.",补母公司级 ESG/可持续发展/气候报告 PDF，再更新报告目录或匹配 override。,必须是母公司主报告；需记录源文件名、完整路径、报告年份、报告标题；不得使用子公司/关联主体报告替代。,不得用简称误配、银行/能源常见缩写误配、子公司报告、供应商报告、年度财报中无 ESG/碳披露的文件替代。,,,,,
445,355,r355_lg化学公司,LG化学公司,LG化学公司,,"Add a parent-company ESG/sustainability/climate report PDF, then update report catalog or match override.",补母公司级 ESG/可持续发展/气候报告 PDF，再更新报告目录或匹配 override。,必须是母公司主报告；需记录源文件名、完整路径、报告年份、报告标题；不得使用子公司/关联主体报告替代。,不得用简称误配、银行/能源常见缩写误配、子公司报告、供应商报告、年度财报中无 ESG/碳披露的文件替代。,,,,,
446,360,r360_unitedservicesautomobileassn,UNITED SERVICES AUTOMOBILE ASSN.,联合服务汽车协会,,"Add a parent-company ESG/sustainability/climate report PDF, then update report catalog or match override.",补母公司级 ESG/可持续发展/气候报告 PDF，再更新报告目录或匹配 override。,必须是母公司主报告；需记录源文件名、完整路径、报告年份、报告标题；不得使用子公司/关联主体报告替代。,不得用简称误配、银行/能源常见缩写误配、子公司报告、供应商报告、年度财报中无 ESG/碳披露的文件替代。,,,,,
447,361,r361_guangzhoumunicipalconstructiongroup,GUANGZHOU MUNICIPAL CONSTRUCTION GROUP,广州市建筑集团有限公司,,"Add a parent-company ESG/sustainability/climate report PDF, then update report catalog or match override.",补母公司级 ESG/可持续发展/气候报告 PDF，再更新报告目录或匹配 override。,必须是母公司主报告；需记录源文件名、完整路径、报告年份、报告标题；不得使用子公司/关联主体报告替代。,不得用简称误配、银行/能源常见缩写误配、子公司报告、供应商报告、年度财报中无 ESG/碳披露的文件替代。,,,,,
448,362,r362_generaldynamics,GENERAL DYNAMICS,通用动力,,"Add a parent-company ESG/sustainability/climate report PDF, then update report catalog or match override.",补母公司级 ESG/可持续发展/气候报告 PDF，再更新报告目录或匹配 override。,必须是母公司主报告；需记录源文件名、完整路径、报告年份、报告标题；不得使用子公司/关联主体报告替代。,不得用简称误配、银行/能源常见缩写误配、子公司报告、供应商报告、年度财报中无 ESG/碳披露的文件替代。,,,,,
449,364,r364_zijinmininggroup,ZIJIN MINING GROUP,紫金矿业集团股份有限公司,,"Add a parent-company ESG/sustainability/climate report PDF, then update report catalog or match override.",补母公司级 ESG/可持续发展/气候报告 PDF，再更新报告目录或匹配 override。,必须是母公司主报告；需记录源文件名、完整路径、报告年份、报告标题；不得使用子公司/关联主体报告替代。,不得用简称误配、银行/能源常见缩写误配、子公司报告、供应商报告、年度财报中无 ESG/碳披露的文件替代。,,,,,
450,370,r370_shenzheninvestmentholdings,SHENZHEN INVESTMENT HOLDINGS,深圳市投资控股有限公司,,"Add a parent-company ESG/sustainability/climate report PDF, then update report catalog or match override.",补母公司级 ESG/可持续发展/气候报告 PDF，再更新报告目录或匹配 override。,必须是母公司主报告；需记录源文件名、完整路径、报告年份、报告标题；不得使用子公司/关联主体报告替代。,不得用简称误配、银行/能源常见缩写误配、子公司报告、供应商报告、年度财报中无 ESG/碳披露的文件替代。,,,,,
451,371,r371_ansteelgroup,ANSTEEL GROUP,鞍钢集团有限公司,,"Add a parent-company ESG/sustainability/climate report PDF, then update report catalog or match override.",补母公司级 ESG/可持续发展/气候报告 PDF，再更新报告目录或匹配 override。,必须是母公司主报告；需记录源文件名、完整路径、报告年份、报告标题；不得使用子公司/关联主体报告替代。,不得用简称误配、银行/能源常见缩写误配、子公司报告、供应商报告、年度财报中无 ESG/碳披露的文件替代。,,,,,
452,372,r372_hanwha,HANWHA,韩华集团,,"Add a parent-company ESG/sustainability/climate report PDF, then update report catalog or match override.",补母公司级 ESG/可持续发展/气候报告 PDF，再更新报告目录或匹配 override。,必须是母公司主报告；需记录源文件名、完整路径、报告年份、报告标题；不得使用子公司/关联主体报告替代。,不得用简称误配、银行/能源常见缩写误配、子公司报告、供应商报告、年度财报中无 ESG/碳披露的文件替代。,,,,,
453,373,r373_usbancorp,U.S. BANCORP,美国合众银行,,"Add a parent-company ESG/sustainability/climate report PDF, then update report catalog or match override.",补母公司级 ESG/可持续发展/气候报告 PDF，再更新报告目录或匹配 override。,必须是母公司主报告；需记录源文件名、完整路径、报告年份、报告标题；不得使用子公司/关联主体报告替代。,不得用简称误配、银行/能源常见缩写误配、子公司报告、供应商报告、年度财报中无 ESG/碳披露的文件替代。,,,,,
454,377,r377_thyssenkrupp,THYSSENKRUPP,蒂森克虏伯,,"Add a parent-company ESG/sustainability/climate report PDF, then update report catalog or match override.",补母公司级 ESG/可持续发展/气候报告 PDF，再更新报告目录或匹配 override。,必须是母公司主报告；需记录源文件名、完整路径、报告年份、报告标题；不得使用子公司/关联主体报告替代。,不得用简称误配、银行/能源常见缩写误配、子公司报告、供应商报告、年度财报中无 ESG/碳披露的文件替代。,,,,,
455,378,r378_newhopeholdinggroup,NEW HOPE HOLDING GROUP,新希望控股集团有限公司,,"Add a parent-company ESG/sustainability/climate report PDF, then update report catalog or match override.",补母公司级 ESG/可持续发展/气候报告 PDF，再更新报告目录或匹配 override。,必须是母公司主报告；需记录源文件名、完整路径、报告年份、报告标题；不得使用子公司/关联主体报告替代。,不得用简称误配、银行/能源常见缩写误配、子公司报告、供应商报告、年度财报中无 ESG/碳披露的文件替代。,,,,,
456,380,r380_chinanationalnuclear,CHINA NATIONAL NUCLEAR,中国核工业集团有限公司,,"Add a parent-company ESG/sustainability/climate report PDF, then update report catalog or match override.",补母公司级 ESG/可持续发展/气候报告 PDF，再更新报告目录或匹配 override。,必须是母公司主报告；需记录源文件名、完整路径、报告年份、报告标题；不得使用子公司/关联主体报告替代。,不得用简称误配、银行/能源常见缩写误配、子公司报告、供应商报告、年度财报中无 ESG/碳披露的文件替代。,,,,,
457,381,r381_taikanginsurancegroup,TAIKANG INSURANCE GROUP,泰康保险集团股份有限公司,,"Add a parent-company ESG/sustainability/climate report PDF, then update report catalog or match override.",补母公司级 ESG/可持续发展/气候报告 PDF，再更新报告目录或匹配 override。,必须是母公司主报告；需记录源文件名、完整路径、报告年份、报告标题；不得使用子公司/关联主体报告替代。,不得用简称误配、银行/能源常见缩写误配、子公司报告、供应商报告、年度财报中无 ESG/碳披露的文件替代。,,,,,
458,382,r382_northropgrumman,NORTHROP GRUMMAN,美国诺斯洛普格拉曼公司,,"Add a parent-company ESG/sustainability/climate report PDF, then update report catalog or match override.",补母公司级 ESG/可持续发展/气候报告 PDF，再更新报告目录或匹配 override。,必须是母公司主报告；需记录源文件名、完整路径、报告年份、报告标题；不得使用子公司/关联主体报告替代。,不得用简称误配、银行/能源常见缩写误配、子公司报告、供应商报告、年度财报中无 ESG/碳披露的文件替代。,,,,,
459,383,r383_jiangsushaganggroup,JIANGSU SHAGANG GROUP,江苏沙钢集团有限公司,,"Add a parent-company ESG/sustainability/climate report PDF, then update report catalog or match override.",补母公司级 ESG/可持续发展/气候报告 PDF，再更新报告目录或匹配 override。,必须是母公司主报告；需记录源文件名、完整路径、报告年份、报告标题；不得使用子公司/关联主体报告替代。,不得用简称误配、银行/能源常见缩写误配、子公司报告、供应商报告、年度财报中无 ESG/碳披露的文件替代。,,,,,
460,385,r385_cheryholdinggroup,CHERY HOLDING GROUP,奇瑞控股集团有限公司,,"Add a parent-company ESG/sustainability/climate report PDF, then update report catalog or match override.",补母公司级 ESG/可持续发展/气候报告 PDF，再更新报告目录或匹配 override。,必须是母公司主报告；需记录源文件名、完整路径、报告年份、报告标题；不得使用子公司/关联主体报告替代。,不得用简称误配、银行/能源常见缩写误配、子公司报告、供应商报告、年度财报中无 ESG/碳披露的文件替代。,,,,,
461,389,r389_dollargeneral公司,Dollar General公司,Dollar General公司,,"Add a parent-company ESG/sustainability/climate report PDF, then update report catalog or match override.",补母公司级 ESG/可持续发展/气候报告 PDF，再更新报告目录或匹配 override。,必须是母公司主报告；需记录源文件名、完整路径、报告年份、报告标题；不得使用子公司/关联主体报告替代。,不得用简称误配、银行/能源常见缩写误配、子公司报告、供应商报告、年度财报中无 ESG/碳披露的文件替代。,,,,,
462,390,r390_cenovusenergy公司,Cenovus Energy公司,Cenovus Energy公司,,"Add a parent-company ESG/sustainability/climate report PDF, then update report catalog or match override.",补母公司级 ESG/可持续发展/气候报告 PDF，再更新报告目录或匹配 override。,必须是母公司主报告；需记录源文件名、完整路径、报告年份、报告标题；不得使用子公司/关联主体报告替代。,不得用简称误配、银行/能源常见缩写误配、子公司报告、供应商报告、年度财报中无 ESG/碳披露的文件替代。,,,,,
463,393,r393_fairfaxfinancialholdings,FAIRFAX FINANCIAL HOLDINGS,加拿大枫信金融控股公司,,"Add a parent-company ESG/sustainability/climate report PDF, then update report catalog or match override.",补母公司级 ESG/可持续发展/气候报告 PDF，再更新报告目录或匹配 override。,必须是母公司主报告；需记录源文件名、完整路径、报告年份、报告标题；不得使用子公司/关联主体报告替代。,不得用简称误配、银行/能源常见缩写误配、子公司报告、供应商报告、年度财报中无 ESG/碳披露的文件替代。,,,,,
464,394,r394_guangzhouindustrialinvestmentholdings,GUANGZHOU INDUSTRIAL INVESTMENT HOLDINGS,广州工业投资控股集团有限公司,,"Add a parent-company ESG/sustainability/climate report PDF, then update report catalog or match override.",补母公司级 ESG/可持续发展/气候报告 PDF，再更新报告目录或匹配 override。,必须是母公司主报告；需记录源文件名、完整路径、报告年份、报告标题；不得使用子公司/关联主体报告替代。,不得用简称误配、银行/能源常见缩写误配、子公司报告、供应商报告、年度财报中无 ESG/碳披露的文件替代。,,,,,
465,402,r402_hangzhouindustrialinvestmentgroup,HANGZHOU INDUSTRIAL INVESTMENT GROUP,杭州市实业投资集团有限公司,,"Add a parent-company ESG/sustainability/climate report PDF, then update report catalog or match override.",补母公司级 ESG/可持续发展/气候报告 PDF，再更新报告目录或匹配 override。,必须是母公司主报告；需记录源文件名、完整路径、报告年份、报告标题；不得使用子公司/关联主体报告替代。,不得用简称误配、银行/能源常见缩写误配、子公司报告、供应商报告、年度财报中无 ESG/碳披露的文件替代。,,,,,
466,404,r404_dzbank,DZ BANK,德国中央合作银行,,"Add a parent-company ESG/sustainability/climate report PDF, then update report catalog or match override.",补母公司级 ESG/可持续发展/气候报告 PDF，再更新报告目录或匹配 override。,必须是母公司主报告；需记录源文件名、完整路径、报告年份、报告标题；不得使用子公司/关联主体报告替代。,不得用简称误配、银行/能源常见缩写误配、子公司报告、供应商报告、年度财报中无 ESG/碳披露的文件替代。,,,,,
467,405,r405_gs加德士,GS加德士,GS加德士,,"Add a parent-company ESG/sustainability/climate report PDF, then update report catalog or match override.",补母公司级 ESG/可持续发展/气候报告 PDF，再更新报告目录或匹配 override。,必须是母公司主报告；需记录源文件名、完整路径、报告年份、报告标题；不得使用子公司/关联主体报告替代。,不得用简称误配、银行/能源常见缩写误配、子公司报告、供应商报告、年度财报中无 ESG/碳披露的文件替代。,,,,,
468,408,r408_x5零售集团,X5零售集团,X5零售集团,,"Add a parent-company ESG/sustainability/climate report PDF, then update report catalog or match override.",补母公司级 ESG/可持续发展/气候报告 PDF，再更新报告目录或匹配 override。,必须是母公司主报告；需记录源文件名、完整路径、报告年份、报告标题；不得使用子公司/关联主体报告替代。,不得用简称误配、银行/能源常见缩写误配、子公司报告、供应商报告、年度财报中无 ESG/碳披露的文件替代。,,,,,
469,410,r410_hangzhouironandsteelgroup,HANGZHOU IRON AND STEEL GROUP,杭州钢铁集团有限公司,,"Add a parent-company ESG/sustainability/climate report PDF, then update report catalog or match override.",补母公司级 ESG/可持续发展/气候报告 PDF，再更新报告目录或匹配 override。,必须是母公司主报告；需记录源文件名、完整路径、报告年份、报告标题；不得使用子公司/关联主体报告替代。,不得用简称误配、银行/能源常见缩写误配、子公司报告、供应商报告、年度财报中无 ESG/碳披露的文件替代。,,,,,
470,411,r411_shanghaipharmaceuticalsholding,SHANGHAI PHARMACEUTICALS HOLDING,上海医药集团股份有限公司,,"Add a parent-company ESG/sustainability/climate report PDF, then update report catalog or match override.",补母公司级 ESG/可持续发展/气候报告 PDF，再更新报告目录或匹配 override。,必须是母公司主报告；需记录源文件名、完整路径、报告年份、报告标题；不得使用子公司/关联主体报告替代。,不得用简称误配、银行/能源常见缩写误配、子公司报告、供应商报告、年度财报中无 ESG/碳披露的文件替代。,,,,,
471,412,r412_shandonghispeedgroup,SHANDONG HI-SPEED GROUP,山东高速集团有限公司,,"Add a parent-company ESG/sustainability/climate report PDF, then update report catalog or match override.",补母公司级 ESG/可持续发展/气候报告 PDF，再更新报告目录或匹配 override。,必须是母公司主报告；需记录源文件名、完整路径、报告年份、报告标题；不得使用子公司/关联主体报告替代。,不得用简称误配、银行/能源常见缩写误配、子公司报告、供应商报告、年度财报中无 ESG/碳披露的文件替代。,,,,,
472,414,r414_guangdongguangxinholdingsgroup,GUANGDONG GUANGXIN HOLDINGS GROUP,广东省广新控股集团有限公司,,"Add a parent-company ESG/sustainability/climate report PDF, then update report catalog or match override.",补母公司级 ESG/可持续发展/气候报告 PDF，再更新报告目录或匹配 override。,必须是母公司主报告；需记录源文件名、完整路径、报告年份、报告标题；不得使用子公司/关联主体报告替代。,不得用简称误配、银行/能源常见缩写误配、子公司报告、供应商报告、年度财报中无 ESG/碳披露的文件替代。,,,,,
473,417,r417_guangzhoupharmaceuticalholdings,GUANGZHOU PHARMACEUTICAL HOLDINGS,广州医药集团有限公司,,"Add a parent-company ESG/sustainability/climate report PDF, then update report catalog or match override.",补母公司级 ESG/可持续发展/气候报告 PDF，再更新报告目录或匹配 override。,必须是母公司主报告；需记录源文件名、完整路径、报告年份、报告标题；不得使用子公司/关联主体报告替代。,不得用简称误配、银行/能源常见缩写误配、子公司报告、供应商报告、年度财报中无 ESG/碳披露的文件替代。,,,,,
474,419,r419_mapfregroup,MAPFRE GROUP,曼福集团,,"Add a parent-company ESG/sustainability/climate report PDF, then update report catalog or match override.",补母公司级 ESG/可持续发展/气候报告 PDF，再更新报告目录或匹配 override。,必须是母公司主报告；需记录源文件名、完整路径、报告年份、报告标题；不得使用子公司/关联主体报告替代。,不得用简称误配、银行/能源常见缩写误配、子公司报告、供应商报告、年度财报中无 ESG/碳披露的文件替代。,,,,,
475,420,r420_cfe公司,CFE公司,CFE公司,,"Add a parent-company ESG/sustainability/climate report PDF, then update report catalog or match override.",补母公司级 ESG/可持续发展/气候报告 PDF，再更新报告目录或匹配 override。,必须是母公司主报告；需记录源文件名、完整路径、报告年份、报告标题；不得使用子公司/关联主体报告替代。,不得用简称误配、银行/能源常见缩写误配、子公司报告、供应商报告、年度财报中无 ESG/碳披露的文件替代。,,,,,
476,429,r429_hailianggroup,HAILIANG GROUP,海亮集团有限公司,,"Add a parent-company ESG/sustainability/climate report PDF, then update report catalog or match override.",补母公司级 ESG/可持续发展/气候报告 PDF，再更新报告目录或匹配 override。,必须是母公司主报告；需记录源文件名、完整路径、报告年份、报告标题；不得使用子公司/关联主体报告替代。,不得用简称误配、银行/能源常见缩写误配、子公司报告、供应商报告、年度财报中无 ESG/碳披露的文件替代。,,,,,
477,430,r430_usfoodsholding公司,US Foods Holding公司,US Foods Holding公司,,"Add a parent-company ESG/sustainability/climate report PDF, then update report catalog or match override.",补母公司级 ESG/可持续发展/气候报告 PDF，再更新报告目录或匹配 override。,必须是母公司主报告；需记录源文件名、完整路径、报告年份、报告标题；不得使用子公司/关联主体报告替代。,不得用简称误配、银行/能源常见缩写误配、子公司报告、供应商报告、年度财报中无 ESG/碳披露的文件替代。,,,,,
478,432,r432_migros集团,Migros集团,Migros集团,,"Add a parent-company ESG/sustainability/climate report PDF, then update report catalog or match override.",补母公司级 ESG/可持续发展/气候报告 PDF，再更新报告目录或匹配 override。,必须是母公司主报告；需记录源文件名、完整路径、报告年份、报告标题；不得使用子公司/关联主体报告替代。,不得用简称误配、银行/能源常见缩写误配、子公司报告、供应商报告、年度财报中无 ESG/碳披露的文件替代。,,,,,
479,435,r435_chinaelectronics,CHINA ELECTRONICS,中国电子信息产业集团有限公司,,"Add a parent-company ESG/sustainability/climate report PDF, then update report catalog or match override.",补母公司级 ESG/可持续发展/气候报告 PDF，再更新报告目录或匹配 override。,必须是母公司主报告；需记录源文件名、完整路径、报告年份、报告标题；不得使用子公司/关联主体报告替代。,不得用简称误配、银行/能源常见缩写误配、子公司报告、供应商报告、年度财报中无 ESG/碳披露的文件替代。,,,,,
480,436,r436_shudaoinvestmentgroup,SHUDAO INVESTMENT GROUP,蜀道投资集团有限责任公司,,"Add a parent-company ESG/sustainability/climate report PDF, then update report catalog or match override.",补母公司级 ESG/可持续发展/气候报告 PDF，再更新报告目录或匹配 override。,必须是母公司主报告；需记录源文件名、完整路径、报告年份、报告标题；不得使用子公司/关联主体报告替代。,不得用简称误配、银行/能源常见缩写误配、子公司报告、供应商报告、年度财报中无 ESG/碳披露的文件替代。,,,,,
481,437,r437_chinanationalcoalgroup,CHINA NATIONAL COAL GROUP,中国中煤能源集团有限公司,,"Add a parent-company ESG/sustainability/climate report PDF, then update report catalog or match override.",补母公司级 ESG/可持续发展/气候报告 PDF，再更新报告目录或匹配 override。,必须是母公司主报告；需记录源文件名、完整路径、报告年份、报告标题；不得使用子公司/关联主体报告替代。,不得用简称误配、银行/能源常见缩写误配、子公司报告、供应商报告、年度财报中无 ESG/碳披露的文件替代。,,,,,
482,438,r438_tonglingnonferrousmetalsgroup,TONGLING NONFERROUS METALS GROUP,铜陵有色金属集团控股有限公司,,"Add a parent-company ESG/sustainability/climate report PDF, then update report catalog or match override.",补母公司级 ESG/可持续发展/气候报告 PDF，再更新报告目录或匹配 override。,必须是母公司主报告；需记录源文件名、完整路径、报告年份、报告标题；不得使用子公司/关联主体报告替代。,不得用简称误配、银行/能源常见缩写误配、子公司报告、供应商报告、年度财报中无 ESG/碳披露的文件替代。,,,,,
483,439,r439_ckhutchisonholdings,CK HUTCHISON HOLDINGS,长江和记实业有限公司,,"Add a parent-company ESG/sustainability/climate report PDF, then update report catalog or match override.",补母公司级 ESG/可持续发展/气候报告 PDF，再更新报告目录或匹配 override。,必须是母公司主报告；需记录源文件名、完整路径、报告年份、报告标题；不得使用子公司/关联主体报告替代。,不得用简称误配、银行/能源常见缩写误配、子公司报告、供应商报告、年度财报中无 ESG/碳披露的文件替代。,,,,,
484,442,r442_pddholdings,PDD HOLDINGS,拼多多控股公司,,"Add a parent-company ESG/sustainability/climate report PDF, then update report catalog or match override.",补母公司级 ESG/可持续发展/气候报告 PDF，再更新报告目录或匹配 override。,必须是母公司主报告；需记录源文件名、完整路径、报告年份、报告标题；不得使用子公司/关联主体报告替代。,不得用简称误配、银行/能源常见缩写误配、子公司报告、供应商报告、年度财报中无 ESG/碳披露的文件替代。,,,,,
485,447,r447_nucor,NUCOR,纽柯,,"Add a parent-company ESG/sustainability/climate report PDF, then update report catalog or match override.",补母公司级 ESG/可持续发展/气候报告 PDF，再更新报告目录或匹配 override。,必须是母公司主报告；需记录源文件名、完整路径、报告年份、报告标题；不得使用子公司/关联主体报告替代。,不得用简称误配、银行/能源常见缩写误配、子公司报告、供应商报告、年度财报中无 ESG/碳披露的文件替代。,,,,,
486,452,r452_shanghaidelongsteelgroup,SHANGHAI DELONG STEEL GROUP,上海德龙钢铁集团有限公司,,"Add a parent-company ESG/sustainability/climate report PDF, then update report catalog or match override.",补母公司级 ESG/可持续发展/气候报告 PDF，再更新报告目录或匹配 override。,必须是母公司主报告；需记录源文件名、完整路径、报告年份、报告标题；不得使用子公司/关联主体报告替代。,不得用简称误配、银行/能源常见缩写误配、子公司报告、供应商报告、年度财报中无 ESG/碳披露的文件替代。,,,,,
487,458,r458_beijingjianlongheavyindustrygroup,BEIJING JIANLONG HEAVY INDUSTRY GROUP,北京建龙重工集团有限公司,,"Add a parent-company ESG/sustainability/climate report PDF, then update report catalog or match override.",补母公司级 ESG/可持续发展/气候报告 PDF，再更新报告目录或匹配 override。,必须是母公司主报告；需记录源文件名、完整路径、报告年份、报告标题；不得使用子公司/关联主体报告替代。,不得用简称误配、银行/能源常见缩写误配、子公司报告、供应商报告、年度财报中无 ESG/碳披露的文件替代。,,,,,
488,460,r460_shaanxiconstructionengineeringholding,SHAANXI CONSTRUCTION ENGINEERING HOLDING,陕西建工控股集团有限公司,,"Add a parent-company ESG/sustainability/climate report PDF, then update report catalog or match override.",补母公司级 ESG/可持续发展/气候报告 PDF，再更新报告目录或匹配 override。,必须是母公司主报告；需记录源文件名、完整路径、报告年份、报告标题；不得使用子公司/关联主体报告替代。,不得用简称误配、银行/能源常见缩写误配、子公司报告、供应商报告、年度财报中无 ESG/碳披露的文件替代。,,,,,
489,465,r465_cpc,CPC,台湾中油股份有限公司,,"Add a parent-company ESG/sustainability/climate report PDF, then update report catalog or match override.",补母公司级 ESG/可持续发展/气候报告 PDF，再更新报告目录或匹配 override。,必须是母公司主报告；需记录源文件名、完整路径、报告年份、报告标题；不得使用子公司/关联主体报告替代。,不得用简称误配、银行/能源常见缩写误配、子公司报告、供应商报告、年度财报中无 ESG/碳披露的文件替代。,,,,,
490,470,r470_shouganggroup,SHOUGANG GROUP,首钢集团有限公司,,"Add a parent-company ESG/sustainability/climate report PDF, then update report catalog or match override.",补母公司级 ESG/可持续发展/气候报告 PDF，再更新报告目录或匹配 override。,必须是母公司主报告；需记录源文件名、完整路径、报告年份、报告标题；不得使用子公司/关联主体报告替代。,不得用简称误配、银行/能源常见缩写误配、子公司报告、供应商报告、年度财报中无 ESG/碳披露的文件替代。,,,,,
491,471,r471_shanxicokingcoalgroup,SHANXI COKING COAL GROUP,山西焦煤集团有限责任公司,,"Add a parent-company ESG/sustainability/climate report PDF, then update report catalog or match override.",补母公司级 ESG/可持续发展/气候报告 PDF，再更新报告目录或匹配 override。,必须是母公司主报告；需记录源文件名、完整路径、报告年份、报告标题；不得使用子公司/关联主体报告替代。,不得用简称误配、银行/能源常见缩写误配、子公司报告、供应商报告、年度财报中无 ESG/碳披露的文件替代。,,,,,
492,472,r472_guangxiinvestmentgroup,GUANGXI INVESTMENT GROUP,广西投资集团有限公司,,"Add a parent-company ESG/sustainability/climate report PDF, then update report catalog or match override.",补母公司级 ESG/可持续发展/气候报告 PDF，再更新报告目录或匹配 override。,必须是母公司主报告；需记录源文件名、完整路径、报告年份、报告标题；不得使用子公司/关联主体报告替代。,不得用简称误配、银行/能源常见缩写误配、子公司报告、供应商报告、年度财报中无 ESG/碳披露的文件替代。,,,,,
493,475,r475_hunanironandsteelgroup,HUNAN IRON & STEEL GROUP,湖南钢铁集团有限公司,,"Add a parent-company ESG/sustainability/climate report PDF, then update report catalog or match override.",补母公司级 ESG/可持续发展/气候报告 PDF，再更新报告目录或匹配 override。,必须是母公司主报告；需记录源文件名、完整路径、报告年份、报告标题；不得使用子公司/关联主体报告替代。,不得用简称误配、银行/能源常见缩写误配、子公司报告、供应商报告、年度财报中无 ESG/碳披露的文件替代。,,,,,
494,476,r476_powercorpofcanada,POWER CORP. OF CANADA,加拿大鲍尔集团,,"Add a parent-company ESG/sustainability/climate report PDF, then update report catalog or match override.",补母公司级 ESG/可持续发展/气候报告 PDF，再更新报告目录或匹配 override。,必须是母公司主报告；需记录源文件名、完整路径、报告年份、报告标题；不得使用子公司/关联主体报告替代。,不得用简称误配、银行/能源常见缩写误配、子公司报告、供应商报告、年度财报中无 ESG/碳披露的文件替代。,,,,,
495,483,r483_chinanationalaviationfuelgroup,CHINA NATIONAL AVIATION FUEL GROUP,中国航空油料集团有限公司,,"Add a parent-company ESG/sustainability/climate report PDF, then update report catalog or match override.",补母公司级 ESG/可持续发展/气候报告 PDF，再更新报告目录或匹配 override。,必须是母公司主报告；需记录源文件名、完整路径、报告年份、报告标题；不得使用子公司/关联主体报告替代。,不得用简称误配、银行/能源常见缩写误配、子公司报告、供应商报告、年度财报中无 ESG/碳披露的文件替代。,,,,,
496,488,r488_luxshareprecisionindustry,LUXSHARE PRECISION INDUSTRY,立讯精密工业股份有限公司,,"Add a parent-company ESG/sustainability/climate report PDF, then update report catalog or match override.",补母公司级 ESG/可持续发展/气候报告 PDF，再更新报告目录或匹配 override。,必须是母公司主报告；需记录源文件名、完整路径、报告年份、报告标题；不得使用子公司/关联主体报告替代。,不得用简称误配、银行/能源常见缩写误配、子公司报告、供应商报告、年度财报中无 ESG/碳披露的文件替代。,,,,,
497,490,r490_visa公司,Visa公司,Visa公司,,"Add a parent-company ESG/sustainability/climate report PDF, then update report catalog or match override.",补母公司级 ESG/可持续发展/气候报告 PDF，再更新报告目录或匹配 override。,必须是母公司主报告；需记录源文件名、完整路径、报告年份、报告标题；不得使用子公司/关联主体报告替代。,不得用简称误配、银行/能源常见缩写误配、子公司报告、供应商报告、年度财报中无 ESG/碳披露的文件替代。,,,,,
498,496,r496_airfranceklmgroup,AIR FRANCE-KLM GROUP,法国航空－荷兰皇家航空集团,,"Add a parent-company ESG/sustainability/climate report PDF, then update report catalog or match override.",补母公司级 ESG/可持续发展/气候报告 PDF，再更新报告目录或匹配 override。,必须是母公司主报告；需记录源文件名、完整路径、报告年份、报告标题；不得使用子公司/关联主体报告替代。,不得用简称误配、银行/能源常见缩写误配、子公司报告、供应商报告、年度财报中无 ESG/碳披露的文件替代。,,,,,
499,497,r497_enbridge公司,Enbridge公司,Enbridge公司,,"Add a parent-company ESG/sustainability/climate report PDF, then update report catalog or match override.",补母公司级 ESG/可持续发展/气候报告 PDF，再更新报告目录或匹配 override。,必须是母公司主报告；需记录源文件名、完整路径、报告年份、报告标题；不得使用子公司/关联主体报告替代。,不得用简称误配、银行/能源常见缩写误配、子公司报告、供应商报告、年度财报中无 ESG/碳披露的文件替代。,,,,,
500,499,r499_enbridge公司,Enbridge公司,Enbridge公司,,"Add a parent-company ESG/sustainability/climate report PDF, then update report catalog or match override.",补母公司级 ESG/可持续发展/气候报告 PDF，再更新报告目录或匹配 override。,必须是母公司主报告；需记录源文件名、完整路径、报告年份、报告标题；不得使用子公司/关联主体报告替代。,不得用简称误配、银行/能源常见缩写误配、子公司报告、供应商报告、年度财报中无 ESG/碳披露的文件替代。,,,,,
